<?xml version="1.0" encoding="UTF-8"?>
<project-private xmlns="http://www.netbeans.org/ns/project-private/1">
    <editor-bookmarks xmlns="http://www.netbeans.org/ns/editor-bookmarks/2" lastBookmarkId="0"/>
    <open-files xmlns="http://www.netbeans.org/ns/projectui-open-files/2">
        <group>
            <file>file:/C:/123220159_ResponsiPBO/123220159_ResponsiPBO/src/LoginPage/loginpage.java</file>
            <file>file:/C:/123220159_ResponsiPBO/123220159_ResponsiPBO/src/DosenPage/DAODosen.java</file>
            <file>file:/C:/123220159_ResponsiPBO/123220159_ResponsiPBO/src/MenuPage/menupage.java</file>
            <file>file:/C:/123220159_ResponsiPBO/123220159_ResponsiPBO/src/Controller/ControllerDosen.java</file>
            <file>file:/C:/123220159_ResponsiPBO/123220159_ResponsiPBO/src/pkg123220159_responsipbo/Main.java</file>
        </group>
    </open-files>
</project-private>
